{"loss": [1.3206723928451538, 0.4310222268104553, 0.2535913586616516], "accuracy": [0.6096023917198181, 0.8645423054695129, 0.9183156490325928], "val_loss": [0.5461707711219788, 0.2500452995300293, 0.18111731112003326], "val_accuracy": [0.8297860026359558, 0.919872522354126, 0.9413840174674988]}